coder,id,construct,cope,enhance,social,conform,beta,notes,construct.old,,,,,,,,,,,,,,,,,,,,
Aaron,Adams2012,AUDIT,0.35,0.39,NA,NA,,,AUDIT,,,,,,,,,,,,,,,,,,,,
Aaron,Adams2012,Lack of Perseverance,0.2,0.17,NA,NA,,,Lack of Perseverance,,,,,,,,,,,,,,,,,,,,
Aaron,Adams2012,Lack of Premeditation,0.21,0.34,NA,NA,,,Lack of Premeditation,,,,,,,,,,,,,,,,,,,,
Aaron,Adams2012,Negative Urgency,0.45,0.29,NA,NA,,,Negative Urgency,,,,,,,,,,,,,,,,,,,,
Aaron,Adams2012,Positive Urgency,0.38,0.35,NA,NA,,,Positive Urgency,,,,,,,,,,,,,,,,,,,,
Aaron,Adams2012,Sensation Seeking,0.11,0.32,NA,NA,,,Sensation Seeking,,,,,,,,,,,,,,,,,,,,
Aaron,Anderson2006,RAPI,0.5,0.45,0.45,0.26,,,RAPI,,,,,,,,,,,,,,,,,,,,
Aaron,Anderson2006,Unhealthy Eating Attitudes,0.33,0.17,0.21,0.23,,,unhealthy eating attitudes,,,,,,,,,,,,,,,,,,,,
Aaron,Anderson2011,Motives Not to Drink,-0.28,-0.48,-0.46,-0.18,,,motives not to drink,,,,,,,,,,,,,,,,,,,,
Aaron,Arbeau2011.2,Age,-0.08,-0.04,-0.2,-0.13,,,Age,,,,,,,,,,,,,,,,,,,,
Aaron,Arbeau2011.2,AUDIT,0.37,0.54,0.52,0.36,,,AUDIT,,,,,,,,,,,,,,,,,,,,
Aaron,Arbeau2011.2,Conscientiousness,-0.12,0.01,-0.09,-0.14,,,Conscientiousness,,,,,,,,,,,,,,,,,,,,
Aaron,Arbeau2011.2,Sensation Seeking,0.33,0.45,0.43,0.28,,,Sensation Seeking,,,,,,,,,,,,,,,,,,,,
Aaron,Arbeau2011.3,Drinking Frequency,0.1,0.24,0.24,-0.06,,,Drinking Frequency,,,,,,,,,,,,,,,,,,,,
Aaron,Arbeau2011.3,Negative Affect,0.54,0.12,0.04,0.27,,,Negative Affect,,,,,,,,,,,,,,,,,,,,
Aaron,Arbeau2011.3,Positive Affect,-0.01,0.22,0.21,0.03,,,Positive Affect,,,,,,,,,,,,,,,,,,,,
Aaron,Armeli2008,Negative Life Events,0.16,0.06,NA,NA,,,Negative Life Events,,,,,,,,,,,,,,,,,,,,
Aaron,Armeli2010,Age,-0.02,-0.07,-0.07,NA,,,Age,,,,,,,,,,,,,,,,,,,,
Aaron,Armeli2010,Anxiety,0.39,0.06,0.06,NA,,,Anxiety,,,,,,,,,,,,,,,,,,,,
Aaron,Armeli2010,Depression,0.38,0.12,0.12,NA,,,BDI,,,,,,,,,,,,,,,,,,,,
Aaron,Armeli2010,Drinking Frequency,0.21,0.4,0.4,NA,,,Drinking Frequency,,,,,,,,,,,,,,,,,,,,
Aaron,Armeli2010,Drinking Quantity,0.2,0.39,0.39,NA,,,Drinking Quantity,,,,,,,,,,,,,,,,,,,,
Aaron,Armeli2010,Male,0,0.05,0.05,NA,,,Male,,,,,,,,,,,,,,,,,,,,
Aaron,Atwell2011,AUDIT,0.41,0.57,0.48,0.16,,,,,,,,,,,,,,,,,,,,,,,
Aaron,Blumenthal2010,Age,0.06,0.37,0.41,0.15,,,,,,,,,,,,,,,,,,,,,,,
Aaron,Blumenthal2010,Alcohol Use,0.22,0.57,0.53,0.1,,,,,,,,,,,,,,,,,,,,,,,
Aaron,Blumenthal2010,Depression,0.31,0.21,-0.07,0.06,,,,,,,,,,,,,,,,,,,,,,,
Aaron,Blumenthal2010,Social Anxiety,0.47,0.2,0.23,0.1,,,,,,,,,,,,,,,,,,,,,,,
Aaron,Bruce2012,Alexithymia,0.31,0.12,0.13,0.24,,,Alexithymia,,,,,,,,,,,,,,,,,,,,
Aaron,Bruce2013,Alcohol Dependence,0.46,0.34,0.34,0.3,,,,,,,,,,,,,,,,,,,,,,,
Aaron,Bruce2013,Type D Personality,0.25,-0.01,0.05,0.2,,,,,,,,,,,,,,,,,,,,,,,
Aaron,Buckner2006,Hostility,0.36,0.42,0.44,NA,,,Conflict,,,,,,,,,,,,,,,,,,,,
Aaron,Buckner2006,Impulsivity,0.26,0.32,0.3,NA,,,Self-Control,,,,,,,,,,,,,,,,,,,,
Aaron,Buckner2006,Negative Affect,0.37,0.46,0.51,NA,,,Negative Affect,,,,,,,,,,,,,,,,,,,,
Aaron,Buckner2006,Positive Affect,0.6,0.52,0.49,NA,,,Positive Affect,,,,,,,,,,,,,,,,,,,,
Aaron,Buckner2006,Social Anxiety,0.13,0.18,0.13,NA,,,Social Anxiety,,,,,,,,,,,,,,,,,,,,
Aaron,Carey1997,Drinking Frequency,0.34,0.25,NA,NA,,,Drinking Frequency,,,,,,,,,,,,,,,,,,,,
Aaron,Carey1997,Drinking Quantity,0.49,0.31,NA,NA,,,Drinking Quantity,,,,,,,,,,,,,,,,,,,,
Aaron,Carey1997,RAPI,0.64,0.4,NA,NA,,,RAPI,,,,,,,,,,,,,,,,,,,,
Aaron,Chalder2006,Drinking Frequency,0.15,0.06,0.06,0.03,1,,,,,,,,,,,,,,,,,,,,,,
Aaron,Chalder2006,Drinking Quantity,0.21,0.13,0.05,0.02,1,,,,,,,,,,,,,,,,,,,,,,
Aaron,Chandley2014,Anxiety,0.3,NA,NA,NA,,,,,,,,,,,,,,,,,,,,,,,
Aaron,Chandley2014,Binge Drinking,0.36,NA,NA,NA,,,,,,,,,,,,,,,,,,,,,,,
Aaron,Chandley2014,Drinking Frequency,0.41,NA,NA,NA,,,,,,,,,,,,,,,,,,,,,,,
Aaron,Chandley2014,Drinking Quantity,0.35,NA,NA,NA,,,,,,,,,,,,,,,,,,,,,,,
Aaron,Chandley2014,Emotional Dysregulation,0.37,NA,NA,NA,,,,,,,,,,,,,,,,,,,,,,,
Aaron,Chandley2014,RAPI,0.53,NA,NA,NA,,,,,,,,,,,,,,,,,,,,,,,
Aaron,Clerkin2012,Social Anxiety,0.18,-0.11,0.02,0.19,,,Social Anxiety,,,,,,,,,,,,,,,,,,,,
Aaron,Colder2001,Negative Affect,-0.05,-0.05,-0.03,NA,,,,,,,,,,,,,,,,,,,,,,,
Aaron,Colder2001,Stressful Life Events,0.32,0.29,0.22,NA,,,,,,,,,,,,,,,,,,,,,,,
Aaron,Conrod1998,Anxiety,0.45,0.28,0.6,NA,,,,,,,,,,,,,,,,,,,,,,,
Aaron,Cooper1995,Age,-0.11,-0.22,NA,NA,,,Age,,,,,,,,,,,,,,,,,,,,
Aaron,Cooper1995,Alcohol-related Problems,0.45,0.41,NA,NA,,,Alcohol-related Problems,,,,,,,,,,,,,,,,,,,,
Aaron,Cooper1995,Depression,0.29,0.11,NA,NA,,,Depression,,,,,,,,,,,,,,,,,,,,
Aaron,Cooper1995,Male,0.1,0.15,NA,NA,,,Male,,,,,,,,,,,,,,,,,,,,
Aaron,Cooper1995,Positive Affect,-0.14,-0.04,NA,NA,,,Positive Affect,,,,,,,,,,,,,,,,,,,,
Aaron,Cooper1995,Sensation Seeking,0.1,0.2,NA,NA,,,Sensation Seeking,,,,,,,,,,,,,,,,,,,,
Aaron,Curcio2011,Alcohol-related Problems,0.33,0.43,0.35,NA,,,Alcohol-related Problems,,,,,,,,,,,,,,,,,,,,
Aaron,Curcio2011,Drinking Quantity,0.23,0.57,0.48,NA,,,Drinking Quantity,,,,,,,,,,,,,,,,,,,,
Aaron,Curcio2011,Negative Urgency,0.42,0.32,0.36,NA,,,Negative Urgency,,,,,,,,,,,,,,,,,,,,
Aaron,Curcio2011,Positive Urgency,0.29,0.38,0.38,NA,,,Positive Urgency,,,,,,,,,,,,,,,,,,,,
Aaron,Curcio2011,Sensation Seeking,0.31,0.44,0.4,NA,,,Sensation Seeking,,,,,,,,,,,,,,,,,,,,
Aaron,Daugherty2003,Religious Coping,-0.06,-0.14,-0.14,NA,,,Religious Coping,,,,,,,,,,,,,,,,,,,,
Aaron,Ebersole2012,Drinking Quantity,0.135,0.32,0.18,-0.02,,,,,,,,,,,,,,,,,,,,,,,
Aaron,Ebersole2012,RAPI,0.34,0.42,0.12,0.18,,,,,,,,,,,,,,,,,,,,,,,
Aaron,Ebersole2012,Safe Drinking,-0.19,-0.24,-0.04,-0.01,,,Protection Behavioral Strategies,,,,,,,,,,,,,,,,,,,,
Aaron,Engels2005,Binge Drinking,0.36,0.23,0.23,0.36,,,Binge Drinking,,,,,,,,,,,,,,,,,,,,
Aaron,Engels2005,Drinking Frequency,0.39,0.24,0.24,0.39,,,Drinking Frequency,,,,,,,,,,,,,,,,,,,,
Aaron,Engels2005,Drinking Quantity,0.27,0.18,0.18,0.27,,,Drinking Quantity,,,,,,,,,,,,,,,,,,,,
Aaron,Engels2005,Impulsivity,0.42,0.39,0.39,0.42,,,Self-Efficacy,,,,,,,,,,,,,,,,,,,,
Aaron,Evren2010,Alcohol-related Problems,0.3,0.298,0.217,0.32,,,,,,,,,,,,,,,,,,,,,,,
Aaron,Evren2010,Drinking Quantity,0.281,0.26,0.274,0.221,,,,,,,,,,,,,,,,,,,,,,,
Aaron,Evren2010,Psychopathology,0.374,0.229,0.153,0.409,,,GSI of SCL-90,,,,,,,,,,,,,,,,,,,,
Aaron,Fitzgerald2012,Anxiety,0.35,0.23,0.05,0.41,,,,,,,,,,,,,,,,,,,,,,,
Aaron,Fossos2011,Alcohol Use,0.16,NA,NA,NA,,,Drinking Volume,,,,,,,,,,,,,,,,,,,,
Aaron,Fossos2011,Binge Drinking,0.06,NA,NA,NA,,,Binge Drinking,,,,,,,,,,,,,,,,,,,,
Aaron,Fossos2011,Drinking Frequency,0.08,NA,NA,NA,,,Drinking Frequency,,,,,,,,,,,,,,,,,,,,
Aaron,Fossos2011,RAPI,0.39,NA,NA,NA,,,RAPI,,,,,,,,,,,,,,,,,,,,
Aaron,Fossos2011,Sexual Coercion,0.15,NA,NA,NA,,,Sexual Coercion,,,,,,,,,,,,,,,,,,,,
Aaron,Galen2004,Drinking Frequency,0.4,0.54,0.55,NA,,,Drinking Frequency,,,,,,,,,,,,,,,,,,,,
Aaron,Galen2004,Drinking Quantity,0.38,0.55,0.51,NA,,,Drinking Quantity,,,,,,,,,,,,,,,,,,,,
Aaron,Galen2004,Intrinsic Religiosity,-0.19,-0.26,-0.23,NA,,,Intrinsic Religiosity,,,,,,,,,,,,,,,,,,,,
Aaron,Goldsmith2009,Anxiety,0.28,NA,NA,NA,,,Anxiety,,,,,,,,,,,,,,,,,,,,
Aaron,Goldsmith2009,RAPI,0.54,NA,NA,NA,,,RAPI,,,,,,,,,,,,,,,,,,,,
Aaron,Goldstein2009,Anxiety,0.41,0.21,NA,NA,,,Anxiety,,,,,,,,,,,,,,,,,,,,
Aaron,Goldstein2009,Binge Drinking,0.42,0.34,NA,NA,,,Binge Drinking,,,,,,,,,,,,,,,,,,,,
Aaron,Goldstein2009,Drinking Quantity,0.28,0.36,NA,NA,,,Drinking Quantity,,,,,,,,,,,,,,,,,,,,
Aaron,Goldstein2009,Negative Affect,0.24,-0.03,NA,NA,,,Negative Affect,,,,,,,,,,,,,,,,,,,,
Aaron,Goldstein2009,Neuroticism,0.17,0.03,NA,NA,,,Neuroticism,,,,,,,,,,,,,,,,,,,,
Aaron,Goldstein2009,Positive Affect,-0.22,-0.07,NA,NA,,,Positive Affect,,,,,,,,,,,,,,,,,,,,
Aaron,Goldstein2009,Sensation Seeking,0.12,0.14,NA,NA,,,Sensation Seeking,,,,,,,,,,,,,,,,,,,,
Aaron,Goldstein2010,AUDIT,0.46,0.54,0.33,0.27,,,AUDIT,,,,,,,,,,,,,,,,,,,,
Aaron,Goldstein2010,Childhood Abuse/Trauma,0.335,0.18,0.07,0.11,,,Childhood Abuse,,,,,,,,,,,,,,,,,,,,
Aaron,Goldstein2010,Childhood Abuse/Trauma,0.25,0.04,0.07,0.17,,,Childhood Neglect,,,,,,,,,,,,,,,,,,,,
Aaron,Goldstein2010,Drinking Quantity,0.34,0.55,0.42,0.04,,,Drinking Quantity,,,,,,,,,,,,,,,,,,,,
Aaron,Gonzalez2009,Alcohol-related Problems,0.41,0.38,0.21,0.21,,,Alcohol-related Problems,,,,,,,,,,,,,,,,,,,,
Aaron,Gonzalez2009,Depression,0.45,0.08,0.23,0.3,,,Depression,,,,,,,,,,,,,,,,,,,,
Aaron,Gonzalez2009,Depression,0.39,0.14,0.11,0.24,,,Suicidal Ideation,,,,,,,,,,,,,,,,,,,,
Aaron,Gonzalez2009,Drinking Quantity,0.24,0.36,0.27,0.07,,,Drinking Quantity,,,,,,,,,,,,,,,,,,,,
Aaron,Gonzalez2009,Male,0.05,0.14,0,0.14,,,Male,,,,,,,,,,,,,,,,,,,,
Aaron,Grant2007,Alcohol-related Problems,0.33,0.22,0.18,0.11,,,Alcohol-related Problems,,,,,,,,,,,,,,,,,,,,
Aaron,Grant2007,Drinking Frequency,0.025,0.24,0.11,-0.03,,,Drinking Frequency,,,,,,,,,,,,,,,,,,,,
Aaron,Grant2007,Drinking Quantity,0.16,0.31,0.12,-0.05,,,Drinking Quantity,,,,,,,,,,,,,,,,,,,,
Aaron,Grant2009,Alcohol-related Problems,0.41,0.35,0.23,0.28,,,Alcohol-related Problems,,,,,,,,,,,,,,,,,,,,
Aaron,Grant2009,Anxiety,0.28,-0.01,-0.02,0.28,,,Anxiety,,,,,,,,,,,,,,,,,,,,
Aaron,Grant2009,Depression,0.37,0.03,0.01,0.34,,,Depression,,,,,,,,,,,,,,,,,,,,
Aaron,Grant2009,Drinking Quantity,0.13,0.27,0.12,-0.02,,,Drinking Quantity,,,,,,,,,,,,,,,,,,,,
Aaron,Grant2009,Male,0.18,0.02,0.11,0.06,,,Male,,,,,,,,,,,,,,,,,,,,
Aaron,Grayson2005,Alcohol-related Problems,0.46,0.45,NA,NA,,,Alcohol-related Problems,,,,,,,,,,,,,,,,,,,,
Aaron,Grayson2005,Childhood Abuse/Trauma,0.09,0.13,NA,NA,,,Childhood Sexual Assault,,,,,,,,,,,,,,,,,,,,
Aaron,Grayson2005,Negative Affect,0.19,0.08,NA,NA,,,Distress,,,,,,,,,,,,,,,,,,,,
Aaron,Halim2012,Drinking Quantity,NA,NA,0.69,NA,,,Drinking Quantity,,,,,,,,,,,,,,,,,,,,
Aaron,Ham2007,Alcohol Use,0.42,0.48,0.44,0.07,,,Drinking Volume,,,,,,,,,,,,,,,,,,,,
Aaron,Ham2007,RAPI,0.48,0.47,0.43,0.24,,,RAPI,,,,,,,,,,,,,,,,,,,,
Aaron,Ham2007,Social Anxiety,0.09,-0.05,0.01,0.06,,,Social Anxiety,,,,,,,,,,,,,,,,,,,,
Aaron,Ham2009,Age,0.12,0.053,0.065,-0.01,,,Age,,,,,,,,,,,,,,,,,,,,
Aaron,Ham2009,AUDIT,0.38,0.5,0.43,0.135,,,AUDIT,,,,,,,,,,,,,,,,,,,,
Aaron,Ham2009,Social Anxiety,0.255,0.1,0.12,0.295,,,Social Anxiety,,,,,,,,,,,,,,,,,,,,
Aaron,Hasking2011,AUDIT,0.58,0.59,0.54,NA,,,AUDIT,,,,,,,,,,,,,,,,,,,,
Aaron,Hauck-Filho2012,Alcohol-related Problems,0.39,0.55,0.53,0.13,,,Alcohol-related Problems,,,,,,,,,,,,,,,,,,,,
Aaron,Hauck-Filho2012,Binge Drinking,0.29,0.48,0.48,0.07,,,Binge Drinking,,,,,,,,,,,,,,,,,,,,
Aaron,Hauck-Filho2012,Drinking Frequency,0.24,0.47,0.43,0.05,,,Drinking Frequency,,,,,,,,,,,,,,,,,,,,
Aaron,Hauck-Filho2012,Drinking Quantity,0.26,0.45,0.42,-0.01,,,Drinking Quantity,,,,,,,,,,,,,,,,,,,,
Aaron,Hendershot2011,Binge Drinking,0.55,0.6,0.48,NA,,,,,,,,,,,,,,,,,,,,,,,
Aaron,Hendershot2011,Drinking Frequency,0.39,0.37,0.33,NA,,,,,,,,,,,,,,,,,,,,,,,
Aaron,Hendershot2011,Drinking Quantity,0.43,0.52,0.52,NA,,,,,,,,,,,,,,,,,,,,,,,
Aaron,Hendershot2011,RAPI,0.36,0.3,0.24,NA,,,,,,,,,,,,,,,,,,,,,,,
Aaron,Henderson2003,Alcohol-related Problems,0.19,0.27,0.12,NA,,,,,,,,,,,,,,,,,,,,,,,
Aaron,Howell2010,Alcohol Use,0.28,0.55,0.51,0.18,,,Alcohol Volume,,,,,,,,,,,,,,,,,,,,
Aaron,Howell2010,Anxiety,0.29,0.03,0.11,0.31,,,Anxiety,,,,,,,,,,,,,,,,,,,,
Aaron,Howell2010,AUDIT,0.38,0.51,0.5,0.24,,,AUDIT,,,,,,,,,,,,,,,,,,,,
Aaron,Howell2010,Cigarettes per day,0.08,-0.09,-0.12,-0.08,,,Cigarettes per day,,,,,,,,,,,,,,,,,,,,
Aaron,Howell2010,Discomfort Tolerance,-0.04,0.22,0.19,0.04,,,Discomfort Tolerance,,,,,,,,,,,,,,,,,,,,
Aaron,Howell2010,Distress Tolerance,-0.29,0.08,0.06,-0.26,,,Distress Tolerance,,,,,,,,,,,,,,,,,,,,
Aaron,Howell2010,Negative Affect,0.19,0,0.03,0.15,,,Negative Affect,,,,,,,,,,,,,,,,,,,,
Aaron,Hucting2008,Alcohol Dependence,0.25,0.31,0.32,NA,,,,,,,,,,,,,,,,,,,,,,,
Aaron,Hucting2008,Binge Drinking,0.15,0.27,0.23,NA,,,,,,,,,,,,,,,,,,,,,,,
Aaron,Hucting2008,Drinking Frequency,0.17,0.41,0.3,NA,,,,,,,,,,,,,,,,,,,,,,,
Aaron,Hucting2008,Drinking Quantity,0.1,0.33,0.27,NA,,,,,,,,,,,,,,,,,,,,,,,
Aaron,Hussong2003,Agreeableness,-0.28,-0.17,-0.06,NA,,,Agreeableness,,,,,,,,,,,,,,,,,,,,
Aaron,Hussong2003,Alcohol Use,0.28,0.51,0.48,NA,,,Alcohol Volume,,,,,,,,,,,,,,,,,,,,
Aaron,Hussong2003,Alcohol-related Problems,0.24,0.42,0.4,NA,,,Alcohol-related Problems,,,,,,,,,,,,,,,,,,,,
Aaron,Hussong2003,Conscientiousness,-0.06,0.1,0.15,NA,,,Conscientiousness,,,,,,,,,,,,,,,,,,,,
Aaron,Hussong2003,Extraversion,-0.03,0.19,0.28,NA,,,Extraversion,,,,,,,,,,,,,,,,,,,,
Aaron,Hussong2003,Neuroticism,0.21,-0.04,-0.07,NA,,,Neuroticism,,,,,,,,,,,,,,,,,,,,
Aaron,Hussong2003,Openness,0.03,0.03,0.04,NA,,,Openness,,,,,,,,,,,,,,,,,,,,
Aaron,Hussong2005,Alcohol Use,-0.07,NA,NA,NA,,,Alcohol Volume,,,,,,,,,,,,,,,,,,,,
Aaron,Hussong2005,Attentiveness,-0.04,NA,NA,NA,,,Attentiveness,,,,,,,,,,,,,,,,,,,,
Aaron,Hussong2005,Extraversion,0.23,NA,NA,NA,,,Shyness,,,,,,,,,,,,,,,,,,,,
Aaron,Hussong2005,Fear,0.05,NA,NA,NA,,,Fear,,,,,,,,,,,,,,,,,,,,
Aaron,Hussong2005,Hostility,0.15,NA,NA,NA,,,Hostility,,,,,,,,,,,,,,,,,,,,
Aaron,Hussong2005,Sadness,0.19,NA,NA,NA,,,Sadness,,,,,,,,,,,,,,,,,,,,
Aaron,Kaysen2007,Alcohol Use,0.26,NA,NA,NA,,,Alcohol Volume,,,,,,,,,,,,,,,,,,,,
Aaron,Kaysen2007,Childhood Abuse/Trauma,0.22,NA,NA,NA,,,Trauma,,,,,,,,,,,,,,,,,,,,
Aaron,Kaysen2007,Negative Affect,0.29,NA,NA,NA,,,Dysphoria,,,,,,,,,,,,,,,,,,,,
Aaron,Kenney2013,Alcohol Use,0.13,0.29,0.24,0.04,,,,,,,,,,,,,,,,,,,,,,,
Aaron,Kenney2013,Alcohol-related Problems,0.32,0.26,0.2,0.25,,,,,,,,,,,,,,,,,,,,,,,
Aaron,Kenney2013,Anxiety,0.3,0.08,0.11,0.18,,,,,,,,,,,,,,,,,,,,,,,
Aaron,Kenney2013,Depression,0.35,0.06,0.09,0.18,,,,,,,,,,,,,,,,,,,,,,,
Aaron,Kenney2013,Sleep Quality,-0.19,-0.08,-0.07,-0.09,,,,,,,,,,,,,,,,,,,,,,,
Aaron,Kenney2013,Stress,0.24,0.08,0.07,0.15,,,,,,,,,,,,,,,,,,,,,,,
Aaron,Koyama2011,Binge Drinking,0.35,0.485,0.47,0.405,,,Binge Drinking,,,,,,,,,,,,,,,,,,,,
Aaron,Koyama2011,Drinking Quantity,0.38,0.555,0.53,0.34,,,Drinking Quantity,,,,,,,,,,,,,,,,,,,,
Aaron,Kristjansson2012,Age,-0.142,-0.2035,NA,NA,,,Age,,,,,,,,,,,,,,,,,,,,
Aaron,Kristjansson2012,Alcohol Use,0.373,0.376,NA,NA,,,Alcohol Volume,,,,,,,,,,,,,,,,,,,,
Aaron,Kristjansson2012,Depression,0.004,-0.0235,NA,NA,,,Depression,,,,,,,,,,,,,,,,,,,,
Aaron,Kristjansson2012,Early Drinking Onset,0.137,0.142,NA,NA,,,Early Drinking Onset,,,,,,,,,,,,,,,,,,,,
Aaron,Kristjansson2012,Risky Behaviors,0.1495,0.154,NA,NA,,,Externalizing Behavior,,,,,,,,,,,,,,,,,,,,
Aaron,Kuntsche2007a,Age,0.01,0.06,0.06,NA,,,Age,,,,,,,,,,,,,,,,,,,,
Aaron,Kuntsche2007a,Binge Drinking,0.32,0.44,0.39,NA,,,Binge Drinking,,,,,,,,,,,,,,,,,,,,
Aaron,Kuntsche2007a,Drinking Frequency,0.25,0.35,0.33,NA,,,Drinking Frequency,,,,,,,,,,,,,,,,,,,,
Aaron,Kuntsche2007a,Drinking Quantity,0.31,0.55,0.51,NA,,,Drinking Quantity,,,,,,,,,,,,,,,,,,,,
Aaron,Kuntsche2007a,global positive chance exp,0.41,0.42,0.43,NA,,,global positive chance exp,,,,,,,,,,,,,,,,,,,,
Aaron,Kuntsche2007a,Improved ability exp,0.31,0.39,0.37,NA,,,Improved ability exp,,,,,,,,,,,,,,,,,,,,
Aaron,Kuntsche2007a,Male,-0.04,0.11,0.14,NA,,,Male,,,,,,,,,,,,,,,,,,,,
Aaron,Kuntsche2007a,Tension-reduction exp,0.32,0.41,0.36,NA,,,Tension-reduction exp,,,,,,,,,,,,,,,,,,,,
Aaron,Kuntsche2009,Academic Problems,0.16,0.14,0.12,0.02,,,Academic Problems,,,,,,,,,,,,,,,,,,,,
Aaron,Kuntsche2009,Age,0.03,0.1,0.11,-0.03,,,Age,,,,,,,,,,,,,,,,,,,,
Aaron,Kuntsche2009,Binge Drinking,0.4,0.57,0.49,0.16,,,Binge Drinking,,,,,,,,,,,,,,,,,,,,
Aaron,Kuntsche2009,Drinking Frequency,0.37,0.5,0.5,0.12,,,Drinking Frequency,,,,,,,,,,,,,,,,,,,,
Aaron,Kuntsche2009,Hostility,0.17,0.32,0.26,0.14,,,Violence Behavior,,,,,,,,,,,,,,,,,,,,
Aaron,Kuntsche2009,Risky Behaviors,0.16,0.16,0.13,0.12,,,Risky Sexual Intercourse,,,,,,,,,,,,,,,,,,,,
Aaron,Labrie2011,Drinking Quantity,0.24,0.39,0.39,NA,,,Drinking Quantity,,,,,,,,,,,,,,,,,,,,
Aaron,Labrie2011,Negative Affect,0.28,0.07,0.07,NA,,,Negative Adjustment,,,,,,,,,,,,,,,,,,,,
Aaron,Labrie2011,Positive Affect,-0.2,0.07,0.07,NA,,,Positive Adjustment,,,,,,,,,,,,,,,,,,,,
Aaron,Labrie2011,RAPI,0.24,0.39,0.39,NA,,,RAPI,,,,,,,,,,,,,,,,,,,,
Aaron,LaBrie2011a,Drinking Frequency,0.115,0.2,0.195,0.02,,,Drinking Frequency,,,,,,,,,,,,,,,,,,,,
Aaron,LaBrie2011a,Drinking Quantity,0.085,0.285,0.21,0.03,,,Drinking Quantity,,,,,,,,,,,,,,,,,,,,
Aaron,Lehavot2013,Depression,0.41,-0.02,NA,NA,,,,,,,,,,,,,,,,,,,,,,,
Aaron,Lehavot2013,Drinking Quantity,0.17,0.26,NA,NA,,,,,,,,,,,,,,,,,,,,,,,
Aaron,Lehavot2013,PTSD,0.44,0.04,NA,NA,,,,,,,,,,,,,,,,,,,,,,,
Aaron,Leigh2009,Drinking Quantity,0.21,0.56,NA,NA,,,,,,,,,,,,,,,,,,,,,,,
Aaron,Leigh2009,Mind/body awareness,0,0.26,NA,NA,,,,,,,,,,,,,,,,,,,,,,,
Aaron,Leigh2009,Non-attachment,0.13,0,NA,NA,,,,,,,,,,,,,,,,,,,,,,,
Aaron,Leigh2009,Openness,-0.12,0.11,NA,NA,,,,,,,,,,,,,,,,,,,,,,,
Aaron,Lewis2007,Binge Drinking,0.19,0.46,0.45,0.13,,,Binge Drinking,,,,,,,,,,,,,,,,,,,,
Aaron,Lewis2007,Depression,-0.12,-0.27,-0.19,-0.15,,,Self-esteem,,,,,,,,,,,,,,,,,,,,
Aaron,Lewis2007,Drinking Frequency,0.13,0.46,0.38,0.08,,,Drinking Frequency,,,,,,,,,,,,,,,,,,,,
Aaron,Lewis2007,Drinking Quantity,0.16,0.4,0.37,0.08,,,Drinking Quantity,,,,,,,,,,,,,,,,,,,,
Aaron,Lewis2008,Alcohol-related Problems,0.39,0.38,0.33,0.15,,,Alcohol-related Problems,,,,,,,,,,,,,,,,,,,,
Aaron,Lewis2008,Binge Drinking,0.2,0.37,0.35,-0.01,,,Binge Drinking,,,,,,,,,,,,,,,,,,,,
Aaron,Lewis2008,Drinking Frequency,0.18,0.39,0.33,-0.01,,,Drinking Frequency,,,,,,,,,,,,,,,,,,,,
Aaron,Lewis2008,Drinking Quantity,0.12,0.4,0.34,0.01,,,Drinking Quantity,,,,,,,,,,,,,,,,,,,,
Aaron,Lewis2008,RAPI,0.4,0.34,0.29,0.2,,,RAPI,,,,,,,,,,,,,,,,,,,,
Aaron,Lewis2008,Social Anxiety,0.28,-0.04,0.08,0.26,,,Interaction Anxiety,,,,,,,,,,,,,,,,,,,,
Aaron,Lewis2008,Social Anxiety,0.27,0.06,0.14,0.21,,,Social Avoidance,,,,,,,,,,,,,,,,,,,,
Aaron,Lewis2008,Social Fear,0.27,0.12,0.2,0.24,,,Social Fear,,,,,,,,,,,,,,,,,,,,
Aaron,Linden2012,Alcohol Dependence,0.07,NA,NA,0.03,,,,,,,,,,,,,,,,,,,,,,,
Aaron,Linden2012,Blackout,0.2,NA,NA,0.14,,,,,,,,,,,,,,,,,,,,,,,
Aaron,Linden2012,Drinking Quantity,0.191,NA,NA,-0.001,,,,,,,,,,,,,,,,,,,,,,,
Aaron,Linden2012,Self-Care,0.094,NA,NA,0.09,,,,,,,,,,,,,,,,,,,,,,,
Aaron,Lindgren2012,Alcohol-related Problems,0.48,0.47,NA,NA,,,Alcohol-related Problems,,,,,,,,,,,,,,,,,,,,
Aaron,Lindgren2012,Drinking Quantity,0.48,0.41,NA,NA,,,Drinking Quantity,,,,,,,,,,,,,,,,,,,,
Aaron,Lindgren2012,Sexual Assault,0.24,0.34,NA,NA,,,Sexual Assault,,,,,,,,,,,,,,,,,,,,
Aaron,Lindgren2013,Alcohol Cravings,0.62,0.58,NA,NA,,,,,,,,,,,,,,,,,,,,,,,
Aaron,Lindgren2013,Alcohol Use,0.4,0.47,NA,NA,,,,,,,,,,,,,,,,,,,,,,,
Aaron,Lindgren2013,Alcohol-related Problems,0.57,0.43,NA,NA,,,,,,,,,,,,,,,,,,,,,,,
Aaron,Lindgren2013,Impulsivity,-0.03,0.07,NA,NA,,,Self-Control,,,,,,,,,,,,,,,,,,,,
Aaron,Littlefield2011,Agreeableness,-0.2,-0.07,NA,NA,,,Agreeableness,,,,,,,,,,,,,,,,,,,,
Aaron,Littlefield2011,Alcohol Dependence,0.38,0.32,NA,NA,,,Alcohol Use Disorder,,,,,,,,,,,,,,,,,,,,
Aaron,Littlefield2011,Conscientiousness,-0.2,-0.1,NA,NA,,,Conscientiousness,,,,,,,,,,,,,,,,,,,,
Aaron,Littlefield2011,Impulsivity,0.2,0.13,NA,NA,,,Self-Control,,,,,,,,,,,,,,,,,,,,
Aaron,Littlefield2011,Neuroticism,0.32,0.07,NA,NA,,,Neuroticism,,,,,,,,,,,,,,,,,,,,
Aaron,Littlefield2012,Alcohol-related Problems,0.3,0.31,0.26,NA,,,Alcohol-related Problems,,,,,,,,,,,,,,,,,,,,
Aaron,Littlefield2012,Anxiety,0.07,0.04,0.02,NA,,,Anxiety,,,,,,,,,,,,,,,,,,,,
Aaron,Littlefield2012,Binge Drinking,0.04,0.23,0.27,NA,,,Binge Drinking,,,,,,,,,,,,,,,,,,,,
Aaron,Littlefield2012,Depression,0.11,0.08,0.04,NA,,,Shame,,,,,,,,,,,,,,,,,,,,
Aaron,Littlefield2012,Male,0,-0.04,-0.02,NA,,,Male,,,,,,,,,,,,,,,,,,,,
Aaron,Littlefield2012,Negative Affect,-0.08,0.04,0.01,NA,,,Negative Affect,,,,,,,,,,,,,,,,,,,,
Aaron,Littlefield2012,Positive Affect,-0.02,0.15,0,NA,,,Positive Affect,,,,,,,,,,,,,,,,,,,,
Aaron,Lyvers2010,Alcohol Dependence,0.35,0.47,0.37,0.11,,,Alcohol Dependence,,,,,,,,,,,,,,,,,,,,
Aaron,Lyvers2010,Alcohol-related Problems,0.36,0.46,0.43,0.15,,,Alcohol-related Problems,,,,,,,,,,,,,,,,,,,,
Aaron,Lyvers2010,AUDIT,0.38,0.6,0.55,0.14,,,AUDIT,,,,,,,,,,,,,,,,,,,,
Aaron,Lyvers2010,Impulsivity,0.24,0.19,0.16,0.21,,,Self-Control,,,,,,,,,,,,,,,,,,,,
Aaron,MacPherson2012,Age First Use,0.02,0.05,-0.004,0.11,,,,,,,,,,,,,,,,,,,,,,,
Aaron,MacPherson2012,Anxiety,0.12,-0.05,0.001,0.12,,,,,,,,,,,,,,,,,,,,,,,
Aaron,MacPherson2012,Binge Drinking,-0.04,0.24,0.14,-0.09,,,,,,,,,,,,,,,,,,,,,,,
Aaron,MacPherson2012,Depression,0.39,0.08,0.08,0.26,,,,,,,,,,,,,,,,,,,,,,,
Aaron,MacPherson2012,Emotional Dysregulation,0.37,0.12,0.11,0.34,,,,,,,,,,,,,,,,,,,,,,,
Aaron,MacPherson2012,Impulsivity,0.25,0.27,0.24,0.21,,,,,,,,,,,,,,,,,,,,,,,
Aaron,MacPherson2012,Negative Urgency,0.38,0.25,0.21,0.28,,,,,,,,,,,,,,,,,,,,,,,
Aaron,MacPherson2012,Positive Urgency,0.33,0.19,0.24,0.27,,,,,,,,,,,,,,,,,,,,,,,
Aaron,MacPherson2012,Risk Taking,-0.11,-0.11,-0.1,0.08,,,Risk Taking,,,,,,,,,,,,,,,,,,,,
Aaron,MacPherson2012,Sensation Seeking,0.02,0.13,0.08,0.07,,,,,,,,,,,,,,,,,,,,,,,
Aaron,Martens2003,Binge Drinking,0.36,0.49,0.41,0.16,,,Binge Drinking,,,,,,,,,,,,,,,,,,,,
Aaron,Martens2003,Drinking Quantity,0.35,0.48,0.43,0.08,,,Drinking Quantity,,,,,,,,,,,,,,,,,,,,
Aaron,Martens2003a,Alcohol-related Problems,0.18,0.18,-0.09,NA,1,,,,,,,,,,,,,,,,,,,,,,
Aaron,Martens2003a,Driving while Intoxicated,0.25,0.08,0.11,NA,1,,,,,,,,,,,,,,,,,,,,,,
Aaron,Martens2003a,Hostility,0.22,0.14,0.05,NA,1,,,,,,,,,,,,,,,,,,,,,,
Aaron,Martens2007,Drinking Quantity,0.06,0.33,0.19,NA,,,Drinking Quantity,,,,,,,,,,,,,,,,,,,,
Aaron,Martens2007,RAPI,0.34,0.28,0.26,NA,,,RAPI,,,,,,,,,,,,,,,,,,,,
Aaron,Martens2008,Binge Drinking,0.23,0.38,0.37,0.14,,,Binge Drinking,,,,,,,,,,,,,,,,,,,,
Aaron,Martens2008,Drinking Frequency,0.18,0.26,0.29,0.09,,,Drinking Frequency,,,,,,,,,,,,,,,,,,,,
Aaron,Martens2008,Drinking Quantity,0.24,0.36,0.33,0.18,,,Drinking Quantity,,,,,,,,,,,,,,,,,,,,
Aaron,Martens2008,RAPI,0.47,0.39,0.37,0.28,,,RAPI,,,,,,,,,,,,,,,,,,,,
Aaron,Martens2008a,Alcohol-related Problems,0.39,NA,NA,NA,,,,,,,,,,,,,,,,,,,,,,,
Aaron,Martens2008a,Binge Drinking,0.17,NA,NA,NA,,,,,,,,,,,,,,,,,,,,,,,
Aaron,Martens2008a,Drinking Frequency,0.19,NA,NA,NA,,,,,,,,,,,,,,,,,,,,,,,
Aaron,Martens2008a,Drinking Quantity,0.15,NA,NA,NA,,,,,,,,,,,,,,,,,,,,,,,
Aaron,Martens2008a,Negative Affect,0.36,NA,NA,NA,,,,,,,,,,,,,,,,,,,,,,,
Aaron,Martens2011,Alcohol-related Problems,0.4,0.43,NA,NA,,,Alcohol-related Problems,,,,,,,,,,,,,,,,,,,,
Aaron,Martens2011,Binge Drinking,0.13,0.44,NA,NA,,,Binge Drinking,,,,,,,,,,,,,,,,,,,,
Aaron,Martens2011,Drinking Quantity,0.24,0.39,NA,NA,,,Drinking Quantity,,,,,,,,,,,,,,,,,,,,
Aaron,Martens2011,Urgency,0.26,0.17,NA,NA,,,Urgency,,,,,,,,,,,,,,,,,,,,
Aaron,Martin2011,Alcohol Use,0.2,0.49,0.41,0.09,,,,,,,,,,,,,,,,,,,,,,,
Aaron,Martin2011,Alcohol-related Problems,0.49,0.43,0.39,0.25,,,,,,,,,,,,,,,,,,,,,,,
Aaron,Martin2011,Extraversion,0.16,0.15,0.04,-0.11,,,,,,,,,,,,,,,,,,,,,,,
Aaron,Martin2011,Male,-0.1,-0.06,-0.06,0.04,,,,,,,,,,,,,,,,,,,,,,,
Aaron,Martin2011,Neuroticism,0.29,0.03,0.07,0.06,,,,,,,,,,,,,,,,,,,,,,,
Aaron,Martin2011,Religiosity,0,0.12,0.08,0.02,,,,,,,,,,,,,,,,,,,,,,,
Aaron,Martin2011,Sensation Seeking,0.03,0.17,0.09,-0.11,,,,,,,,,,,,,,,,,,,,,,,
Aaron,Martin2011,Urgency,0.37,0.25,0.17,0.09,,,,,,,,,,,,,,,,,,,,,,,
Aaron,Mazzardis2010,Drinking Frequency,0.24,0.32,0.3,-0.22,,,Drinking Frequency,,,,,,,,,,,,,,,,,,,,
Aaron,Mazzardis2010,Sensation Seeking,0.14,0.45,0.43,-0.11,,,Sensation Seeking,,,,,,,,,,,,,,,,,,,,
Aaron,McNally2003,Alcohol-related Problems,0.15,NA,NA,NA,1,,Alcohol-related Problems,,,,,,,,,,,,,,,,,,,,
Aaron,Merrill2010,Alcohol Dependence,0.17,0.2,0.25,0.12,,,Alcohol Dependence,,,,,,,,,,,,,,,,,,,,
Aaron,Merrill2010,Binge Drinking,0.24,0.38,0.36,0.27,,,Binge Drinking,,,,,,,,,,,,,,,,,,,,
Aaron,Merrill2010,Impulsivity,0.21,0.23,0.27,0.31,,,Self-Control,,,,,,,,,,,,,,,,,,,,
Aaron,Merrill2010,Risky Behaviors,0.24,0.29,0.28,0.18,,,Risky Behaviors,,,,,,,,,,,,,,,,,,,,
Aaron,Merrill2010,Self-care,-0.34,-0.21,-0.22,-0.29,,,Poor self-care,,,,,,,,,,,,,,,,,,,,
Aaron,Merrill2010,Social Problems,0.26,0.2,0.23,0.1,,,Social Problems,,,,,,,,,,,,,,,,,,,,
Aaron,Merrill2010.1,Alcohol-related Problems,0.48,0.44,0.37,0.36,,,Alcohol-related Problems,,,,,,,,,,,,,,,,,,,,
Aaron,Merrill2010.1,Anxiety,0.34,0.07,0.13,0.31,,,Anxiety,,,,,,,,,,,,,,,,,,,,
Aaron,Merrill2010.1,Avoidance,0.26,-0.02,0,0.22,,,Avoidance,,,,,,,,,,,,,,,,,,,,
Aaron,Merrill2010.1,Binge Drinking,0.25,0.61,0.49,0.14,,,Binge Drinking,,,,,,,,,,,,,,,,,,,,
Aaron,Merrill2010.1,Drinking Frequency,0.29,0.53,0.47,0.15,,,Drinking Frequency,,,,,,,,,,,,,,,,,,,,
Aaron,Merrill2010.1,Drinking Quantity,0.23,0.57,0.49,0.1,,,Drinking Quantity,,,,,,,,,,,,,,,,,,,,
Aaron,Merrill2010.2,Alcohol-related Problems,0.54,0.47,0.31,0.28,,,Alcohol-related Problems,,,,,,,,,,,,,,,,,,,,
Aaron,Merrill2010.2,Anxiety,0.26,0.08,0.16,0.32,,,Anxiety,,,,,,,,,,,,,,,,,,,,
Aaron,Merrill2010.2,Avoidance,0.1,0.07,0,0.04,,,Avoidance,,,,,,,,,,,,,,,,,,,,
Aaron,Merrill2010.2,Binge Drinking,0.5,0.52,0.32,0.26,,,Binge Drinking,,,,,,,,,,,,,,,,,,,,
Aaron,Merrill2010.2,Drinking Frequency,0.51,0.48,0.3,0.19,,,Drinking Frequency,,,,,,,,,,,,,,,,,,,,
Aaron,Merrill2010.2,Drinking Quantity,0.47,0.48,0.31,0.21,,,Drinking Quantity,,,,,,,,,,,,,,,,,,,,
Aaron,Merrill2013,Adaptive Coping,0.09,NA,NA,NA,,,,,,,,,,,,,,,,,,,,,,,
Aaron,Merrill2013,Alcohol Use,0.12,NA,NA,NA,,,Alcohol Volume,,,,,,,,,,,,,,,,,,,,
Aaron,Merrill2013,Drinking Frequency,-0.05,NA,NA,NA,,,,,,,,,,,,,,,,,,,,,,,
Aaron,Merrill2013,Drinking Quantity,0.06,NA,NA,NA,,,,,,,,,,,,,,,,,,,,,,,
Aaron,Merrill2014,Academic Problems,0.25,0.16,0.15,0.17,,,,,,,,,,,,,,,,,,,,,,,
Aaron,Merrill2014,Alcohol Dependence,0.3,0.28,0.25,0.19,,,,,,,,,,,,,,,,,,,,,,,
Aaron,Merrill2014,Alcohol Use,0.28,0.41,0.37,0.14,,,,,,,,,,,,,,,,,,,,,,,
Aaron,Merrill2014,Blackout,0.25,0.34,0.31,0.13,,,,,,,,,,,,,,,,,,,,,,,
Aaron,Merrill2014,Impulsivity,0.31,0.28,0.25,0.23,,,Self-Control,,,,,,,,,,,,,,,,,,,,
Aaron,Merrill2014,Risky Behaviors,0.27,0.25,0.23,0.21,,,,,,,,,,,,,,,,,,,,,,,
Aaron,Merrill2014,Self-Care,0.29,0.24,0.21,0.21,,,,,,,,,,,,,,,,,,,,,,,
Aaron,Merrill2014,Self-esteem,0.24,0.14,0.16,0.15,,,,,,,,,,,,,,,,,,,,,,,
Aaron,Merrill2014,Social Problems,0.26,0.3,0.3,0.19,,,,,,,,,,,,,,,,,,,,,,,
Aaron,Mezquita2010,Age,0.105,0.03,NA,NA,,,Age,,,,,,,,,,,,,,,,,,,,
Aaron,Mezquita2010,Conscientiousness,-0.12,-0.15,NA,NA,,,Conscientiousness,,,,,,,,,,,,,,,,,,,,
Aaron,Mezquita2010,Drinking Quantity,0.08,0.33,NA,NA,,,Drinking Quantity,,,,,,,,,,,,,,,,,,,,
Aaron,Mezquita2010,Extraversion,-0.09,0.09,NA,NA,,,Extraversion,,,,,,,,,,,,,,,,,,,,
Aaron,Mezquita2010,Male,0.135,0.16,NA,NA,,,Male,,,,,,,,,,,,,,,,,,,,
Aaron,Mezquita2010,Neuroticism,0.245,0.09,NA,NA,,,Neuroticism,,,,,,,,,,,,,,,,,,,,
Aaron,Mezquita2010,RAPI,0.38,0.49,NA,NA,,,RAPI,,,,,,,,,,,,,,,,,,,,
Aaron,Mezquita2011,Drinking Frequency,0.15,0.06,0.17,-0.12,1,,Drinking Frequency,,,,,,,,,,,,,,,,,,,,
Aaron,Mezquita2011,Drinking Quantity,0.18,0.05,0.15,-0.08,1,,Drinking Quantity,,,,,,,,,,,,,,,,,,,,
Aaron,Moeller2009,Alcohol-related Problems,0.26,0.27,NA,NA,,,Alcohol-related Problems,,,,,,,,,,,,,,,,,,,,
Aaron,Moeller2009,Binge Drinking,0.18,0.41,NA,NA,,,Binge Drinking,,,,,,,,,,,,,,,,,,,,
Aaron,Moeller2009,Compassionate goals,0.1,0.14,NA,NA,,,Compassionate goals,,,,,,,,,,,,,,,,,,,,
Aaron,Moeller2009,Self-image goals,0.31,0.15,NA,NA,,,Self-image goals,,,,,,,,,,,,,,,,,,,,
Aaron,Moeller2009,Social Desirability,-0.2,-0.15,NA,NA,,,Social Desirability,,,,,,,,,,,,,,,,,,,,
Aaron,Mohr2005,Drinkings at home,0.17,0.34,0.26,0.29,,,Drinkings at home,,,,,,,,,,,,,,,,,,,,
Aaron,Mohr2005,Drinks away,0.27,0.27,0.21,0.13,,,Drinks away,,,,,,,,,,,,,,,,,,,,
Aaron,Mohr2005,Male,-0.02,-0.01,0.06,0.1,,,Male,,,,,,,,,,,,,,,,,,,,
Aaron,Mohr2005,Negative Affect,0.19,0.09,0.04,0.19,,,Negative Affect,,,,,,,,,,,,,,,,,,,,
Aaron,Mohr2005,Negative social contacts,-0.02,0.18,0.13,-0.09,,,Negative social contacts,,,,,,,,,,,,,,,,,,,,
Aaron,Mohr2005,Positive Affect,-0.2,0.06,0.07,-0.07,,,Positive Affect,,,,,,,,,,,,,,,,,,,,
Aaron,Mohr2005,Positive social contacts,-0.21,-0.11,-0.08,-0.28,,,Positive social contacts,,,,,,,,,,,,,,,,,,,,
Aaron,Mohr2005,Time with friends away,0.06,0.19,0.15,-0.06,,,Time with friends away,,,,,,,,,,,,,,,,,,,,
Aaron,Mohr2005,Time with friends home,-0.06,0.1,0.14,0.07,,,Time with friends home,,,,,,,,,,,,,,,,,,,,
Aaron,Mohr2013,Alcohol-related Problems,-0.01,-0.06,-0.03,NA,,,,,,,,,,,,,,,,,,,,,,,
Aaron,Mohr2013,Drinking Quantity,0.34,0.19,0.02,NA,,,,,,,,,,,,,,,,,,,,,,,
Aaron,Muller2011,Binge Drinking,0.12,0.42,0.07,0.02,1,,,,,,,,,,,,,,,,,,,,,,
Aaron,Muller2011,Parental Drinking,0.12,0.12,0.16,0.04,1,,,,,,,,,,,,,,,,,,,,,,
Aaron,Neighbors2004,Alcohol Use,0.31,0.53,0.56,0.13,,,Alcohol Volume,,,,,,,,,,,,,,,,,,,,
Aaron,Neighbors2004,Binge Drinking,0.34,0.53,0.58,0.1,,,Binge Drinking,,,,,,,,,,,,,,,,,,,,
Aaron,Neighbors2004,Depression,-0.32,-0.21,-0.22,-0.18,,,Self-esteem,,,,,,,,,,,,,,,,,,,,
Aaron,Neighbors2004,Drinking Frequency,0.35,0.56,0.66,0.15,,,Drinking Frequency,,,,,,,,,,,,,,,,,,,,
Aaron,Neighbors2004,RAPI,0.53,0.42,0.52,0.34,,,RAPI,,,,,,,,,,,,,,,,,,,,
Aaron,Neighbors2007,Drinking Frequency,0.13,0.28,0.17,0.03,,,,,,,,,,,,,,,,,,,,,,,
Aaron,Neighbors2007,RAPI,0.35,0.22,0.19,0.24,,,,,,,,,,,,,,,,,,,,,,,
Aaron,Nemeth2010,Academic Problems,0.3,0.16,-0.21,0.08,,,Academic Problems,,,,,,,,,,,,,,,,,,,,
Aaron,Nemeth2010,Alcohol Use,0.09,0.15,0.2,-0.04,,,Alcohol Volume,,,,,,,,,,,,,,,,,,,,
Aaron,Nemeth2010,Binge Drinking,0.15,0.23,0.18,-0.11,,,Binge Drinking,,,,,,,,,,,,,,,,,,,,
Aaron,Nemeth2010,Hostility,0.3,-0.19,0.08,0.15,,,Violence Behavior,,,,,,,,,,,,,,,,,,,,
Aaron,Nemeth2010,Risky Behaviors,0.23,0.07,-0.13,0.06,,,Risky Sexual Intercourse,,,,,,,,,,,,,,,,,,,,
Aaron,Nemeth2011.1,Binge Drinking,0.27,0.43,0.32,0.14,,,Binge Drinking,,,,,,,,,,,,,,,,,,,,
Aaron,Nemeth2011.1,Drinking Frequency,0.18,0.42,0.28,0.06,,,Drinking Frequency,,,,,,,,,,,,,,,,,,,,
Aaron,Nemeth2011.1,RAPI,0.51,0.63,0.55,0.48,,,RAPI,,,,,,,,,,,,,,,,,,,,
Aaron,Nemeth2011.2,Binge Drinking,0.22,0.37,0.32,0.13,,,Binge Drinking,,,,,,,,,,,,,,,,,,,,
Aaron,Nemeth2011.2,Drinking Frequency,0.24,0.36,0.29,0.08,,,Drinking Frequency,,,,,,,,,,,,,,,,,,,,
Aaron,Nemeth2011.2,RAPI,0.52,0.51,0.41,0.25,,,RAPI,,,,,,,,,,,,,,,,,,,,
Aaron,OConnor2005.f,Alcohol-related Problems,0.47,0.52,0.48,0.15,,,,,,,,,,,,,,,,,,,,,,,
Aaron,OConnor2005.f,Drinking Frequency,0.4,0.64,0.61,0.07,,,,,,,,,,,,,,,,,,,,,,,
Aaron,OConnor2005.f,Drinking Quantity,0.46,0.65,0.6,0.07,,,,,,,,,,,,,,,,,,,,,,,
Aaron,OConnor2005.f,Sensitivity to Punishment,0.24,0.03,0.03,0.24,,,,,,,,,,,,,,,,,,,,,,,
Aaron,OConnor2005.f,Sensitivity to Reward,0.25,0.24,0.26,0.24,,,,,,,,,,,,,,,,,,,,,,,
Aaron,OConnor2005.m,Alcohol-related Problems,0.45,0.52,0.52,0.35,,,,,,,,,,,,,,,,,,,,,,,
Aaron,OConnor2005.m,Drinking Frequency,0.41,0.59,0.62,0.12,,,,,,,,,,,,,,,,,,,,,,,
Aaron,OConnor2005.m,Drinking Quantity,0.34,0.63,0.57,0.11,,,,,,,,,,,,,,,,,,,,,,,
Aaron,OConnor2005.m,Sensitivity to Punishment,0.3,0.06,0.16,0.42,,,,,,,,,,,,,,,,,,,,,,,
Aaron,OConnor2005.m,Sensitivity to Reward,0.26,0.18,0.23,0.31,,,,,,,,,,,,,,,,,,,,,,,
Aaron,Osberg2010.1,Binge Drinking,0.25,0.64,0.51,0.11,,,,,,,,,,,,,,,,,,,,,,,
Aaron,Osberg2010.1,Drinking Frequency,0.26,0.45,0.46,0.15,,,,,,,,,,,,,,,,,,,,,,,
Aaron,Osberg2010.1,Drinking Quantity,0.33,0.63,0.54,0.17,,,,,,,,,,,,,,,,,,,,,,,
Aaron,Osberg2010.1,RAPI,0.54,0.39,0.39,0.4,,,,,,,,,,,,,,,,,,,,,,,
Aaron,Osberg2010.2,Binge Drinking,0.34,0.65,0.6,0.16,,,,,,,,,,,,,,,,,,,,,,,
Aaron,Osberg2010.2,Drinking Frequency,0.33,0.55,0.54,0.11,,,,,,,,,,,,,,,,,,,,,,,
Aaron,Osberg2010.2,Drinking Quantity,0.3,0.62,0.54,0.16,,,,,,,,,,,,,,,,,,,,,,,
Aaron,Osberg2010.2,RAPI,0.48,0.5,0.48,0.31,,,,,,,,,,,,,,,,,,,,,,,
Aaron,Ostafin2011,Drinking Frequency,0.46,0.16,NA,NA,,,Drinking Frequency,,,,,,,,,,,,,,,,,,,,
Aaron,Ostafin2011,Drinking Quantity,0.27,0.43,NA,NA,,,Drinking Quantity,,,,,,,,,,,,,,,,,,,,
Aaron,Palfai2011,Alcohol-related Problems,0.32,0.47,0.42,0.09,,,Alcohol-related Problems,,,,,,,,,,,,,,,,,,,,
Aaron,Palfai2011,Binge Drinking,0.14,0.54,0.3,-0.23,,,Binge Drinking,,,,,,,,,,,,,,,,,,,,
Aaron,Palfai2011,Drinking Quantity,0.19,0.53,0.42,-0.19,,,Drinking Quantity,,,,,,,,,,,,,,,,,,,,
Aaron,Palfai2011,Impulsivity,0.27,0.22,0.17,0.12,,,Self-Efficacy,,,,,,,,,,,,,,,,,,,,
Aaron,Palfai2011,Meaning,-0.19,-0.31,-0.33,0,,,Meaning,,,,,,,,,,,,,,,,,,,,
Aaron,Patrick2011,Drinking Quantity,-0.01,0.24,0.1,0.02,1,,Drinking Quantity,,,,,,,,,,,,,,,,,,,,
Aaron,Patrick2011,RAPI,0.27,-0.06,-0.09,0.05,1,,RAPI,,,,,,,,,,,,,,,,,,,,
Aaron,Pedersen2012,Alcohol-related Problems,0.36,0.46,0.51,0.21,,,,,,,,,,,,,,,,,,,,,,,
Aaron,Pedersen2012,Drinking Frequency,0.25,0.48,0.44,0.06,,,,,,,,,,,,,,,,,,,,,,,
Aaron,Peirce1994,Age,-0.08,NA,NA,NA,,,Age,,,,,,,,,,,,,,,,,,,,
Aaron,Peirce1994,Alcohol Use,0.43,NA,NA,NA,,,Alcohol Volume,,,,,,,,,,,,,,,,,,,,
Aaron,Peirce1994,Alcohol-related Problems,0.37,NA,NA,NA,,,Alcohol-related Problems,,,,,,,,,,,,,,,,,,,,
Aaron,Peirce1994,Depression,0.29,NA,NA,NA,,,Depression,,,,,,,,,,,,,,,,,,,,
Aaron,Peirce1994,Education,-0.06,NA,NA,NA,,,Education,,,,,,,,,,,,,,,,,,,,
Aaron,Peirce1994,Family Income,-0.02,NA,NA,NA,,,Family Income,,,,,,,,,,,,,,,,,,,,
Aaron,Peirce1994,Male,0.11,NA,NA,NA,,,Male,,,,,,,,,,,,,,,,,,,,
Aaron,Peirce1994,Perceived Social Support,-0.21,NA,NA,NA,,,Perceived Social Support,,,,,,,,,,,,,,,,,,,,
Aaron,Peirce1994,Social Anxiety,0.06,NA,NA,NA,,,Social Contact,,,,,,,,,,,,,,,,,,,,
Aaron,Ralston2012,Depression,0.37,NA,NA,NA,,,,,,,,,,,,,,,,,,,,,,,
Aaron,Ralston2012,Positive Expectancies,0.151,NA,NA,NA,,,,,,,,,,,,,,,,,,,,,,,
Aaron,Reardon2002,Age,-0.03,-0.01,-0.06,NA,,,,,,,,,,,,,,,,,,,,,,,
Aaron,Reardon2002,Alcohol-related Problems,0.45,0.35,0.22,NA,,,SMAST,,,,,,,,,,,,,,,,,,,,
Aaron,Reardon2002,PCL,0.13,0.15,0.12,NA,,,,,,,,,,,,,,,,,,,,,,,
Aaron,Salemink2013,AUDIT,0.47,0.46,NA,NA,,,,,,,,,,,,,,,,,,,,,,,
Aaron,Salemink2013,Binge Drinking,0.28,0.39,NA,NA,,,,,,,,,,,,,,,,,,,,,,,
Aaron,Salemink2013,Drinking Quantity,0.16,0.23,NA,NA,,,,,,,,,,,,,,,,,,,,,,,
Aaron,Salemink2013,Negative Affect,0.21,0.05,NA,NA,,,,,,,,,,,,,,,,,,,,,,,
Aaron,Salemink2013,Positive Affect,0.25,0.37,NA,NA,,,,,,,,,,,,,,,,,,,,,,,
Aaron,Salemink2013,Working Memory Capacity,-0.15,-0.001,NA,NA,,,,,,,,,,,,,,,,,,,,,,,
Aaron,Settles2010,Drinking Quantity,0.58,NA,NA,NA,,,,,,,,,,,,,,,,,,,,,,,
Aaron,Settles2010,Negative Affect,0.25,NA,NA,NA,,,,,,,,,,,,,,,,,,,,,,,
Aaron,Settles2010,Negative Urgency,0.48,NA,NA,NA,,,,,,,,,,,,,,,,,,,,,,,
Aaron,Settles2010,Positive Affect,-0.02,NA,NA,NA,,,,,,,,,,,,,,,,,,,,,,,
Aaron,Settles2010,Positive Urgency,0.42,NA,NA,NA,,,,,,,,,,,,,,,,,,,,,,,
Aaron,Shaver2013,Anxiety,0.32,NA,NA,NA,,,,,,,,,,,,,,,,,,,,,,,
Aaron,Shaver2013,AUDIT,0.1,NA,NA,NA,,,,,,,,,,,,,,,,,,,,,,,
Aaron,Shaver2013,Emotional Dysregulation,0.26,NA,NA,NA,,,,,,,,,,,,,,,,,,,,,,,
Aaron,Shaver2013,Negative Affect,-0.09,NA,NA,NA,,,,,,,,,,,,,,,,,,,,,,,
Aaron,Shaver2013,Positive Affect,0.28,NA,NA,NA,,,,,,,,,,,,,,,,,,,,,,,
Aaron,Shaver2013,Social Anxiety,0.18,NA,NA,NA,,,,,,,,,,,,,,,,,,,,,,,
Aaron,Simons2000,Alcohol Use,0.37,0.43,0.33,0.2,,,Alcohol Volume,,,,,,,,,,,,,,,,,,,,
Aaron,Simons2000,RAPI,0.46,0.25,0.15,0.12,,,RAPI,,,,,,,,,,,,,,,,,,,,
Aaron,Siviroj2012,Drinking Frequency,0.34,0.01,0.24,-0.07,,,Drinking Frequency,,,,,,,,,,,,,,,,,,,,
Aaron,Stewart1995,Anxiety,0.34,-0.01,-0.05,NA,,,Anxiety,,,,,,,,,,,,,,,,,,,,
Aaron,Stewart2000,Anxiety,0.21,NA,NA,0.01,,,,,,,,,,,,,,,,,,,,,,,
Aaron,Stewart2000,Concern about drinking,0.42,NA,NA,NA,,,Concern about drinking,,,,,,,,,,,,,,,,,,,,
Aaron,Stewart2000,Depression,0.29,NA,NA,0.02,,,,,,,,,,,,,,,,,,,,,,,
Aaron,Stewart2000,Hostility,0.22,NA,NA,0.05,,,Angry Hostility,,,,,,,,,,,,,,,,,,,,
Aaron,Stewart2000,Impulsivity,0.2,NA,NA,-0.001,,,,,,,,,,,,,,,,,,,,,,,
Aaron,Stewart2000,Positive Affect,NA,0.15,0.02,NA,,,Positive Emotions,,,,,,,,,,,,,,,,,,,,
Aaron,Stewart2000,Sensation-Seeking,NA,0.15,0.14,NA,,,Excitement-Seeking,,,,,,,,,,,,,,,,,,,,
Aaron,Stewart2000b,Agreeableness,-0.04,0.01,0.01,-0.02,,,Agreeableness,,,,,,,,,,,,,,,,,,,,
Aaron,Stewart2000b,Conscientiousness,-0.19,-0.21,-0.2,-0.04,,,Conscientiousness,,,,,,,,,,,,,,,,,,,,
Aaron,Stewart2000b,Extraversion,-0.16,0.18,0.14,-0.15,,,Extraversion,,,,,,,,,,,,,,,,,,,,
Aaron,Stewart2000b,Neuroticism,0.38,0.09,0.2,0.21,,,Neuroticism,,,,,,,,,,,,,,,,,,,,
Aaron,Stewart2000b,Openness,-0.06,0.06,0.04,-0.08,,,Openness,,,,,,,,,,,,,,,,,,,,
Aaron,Stewart2001,Agreeableness,-0.25,-0.05,-0.06,-0.05,,,Agreeableness,,,,,,,,,,,,,,,,,,,,
Aaron,Stewart2001,Conscientiousness,-0.05,-0.29,0.02,-0.01,,,Conscientiousness,,,,,,,,,,,,,,,,,,,,
Aaron,Stewart2001,Drinking Quantity,0.24,0.13,0.09,0.29,,,Drinking Quantity,,,,,,,,,,,,,,,,,,,,
Aaron,Stewart2001,Extraversion,-0.12,0.05,0.02,-0.02,,,Extraversion,,,,,,,,,,,,,,,,,,,,
Aaron,Stewart2001,Neuroticism,0.42,0.1,0.25,0.32,,,Neuroticism,,,,,,,,,,,,,,,,,,,,
Aaron,Stewart2001,Openness,0.05,0.11,0.01,-0.05,,,Openness,,,,,,,,,,,,,,,,,,,,
Aaron,Stewart2001,RAPI,0.59,0.29,0.1,0.49,,,RAPI,,,,,,,,,,,,,,,,,,,,
Aaron,Stewart2002,Alexithymia,0.28,0.07,0.18,0.29,,,Alexithymia,,,,,,,,,,,,,,,,,,,,
Aaron,Stewart2002,Anxiety,0.33,0,0.08,0.29,,,Anxiety,,,,,,,,,,,,,,,,,,,,
Aaron,Stewart2002,Avoidance,0.43,0.17,0.19,0.21,,,Experiental Avoidance,,,,,,,,,,,,,,,,,,,,
Aaron,Stewart2006,Anxiety,0.427,0.15,0.21,0.254,,,Fear of Negative Evaluation,,,,,,,,,,,,,,,,,,,,
Aaron,Stewart2006,Social Anxiety,0.221,-0.034,0.122,0.16,,,Social Avoidance,,,,,,,,,,,,,,,,,,,,
Aaron,Theakston2004,Age,-0.03,-0.07,-0.08,-0.06,,,Age,,,,,,,,,,,,,,,,,,,,
Aaron,Theakston2004,Agreeableness,-0.14,-0.01,0,-0.14,,,Agreeableness,,,,,,,,,,,,,,,,,,,,
Aaron,Theakston2004,Conscientiousness,-0.15,-0.15,-0.11,-0.16,,,Conscientiousness,,,,,,,,,,,,,,,,,,,,
Aaron,Theakston2004,Drinking Quantity,0.24,0.4,0.32,0,,,Drinking Quantity,,,,,,,,,,,,,,,,,,,,
Aaron,Theakston2004,Education,-0.07,-0.01,-0.05,-0.04,,,Education,,,,,,,,,,,,,,,,,,,,
Aaron,Theakston2004,Extraversion,-0.18,0.15,0.08,-0.18,,,Extraversion,,,,,,,,,,,,,,,,,,,,
Aaron,Theakston2004,Male,0.14,0.11,0.16,0.12,,,Male,,,,,,,,,,,,,,,,,,,,
Aaron,Theakston2004,Neuroticism,0.27,0,0.04,0.06,,,Neuroticism,,,,,,,,,,,,,,,,,,,,
Aaron,Theakston2004,Openness,-0.1,0.12,-0.01,-0.21,,,Openness,,,,,,,,,,,,,,,,,,,,
Aaron,Topper2011,Childhood Abuse/Trauma,0.09,NA,NA,NA,,,Victimization,,,,,,,,,,,,,,,,,,,,
Aaron,Topper2011,RAPI,0.3,NA,NA,NA,,,RAPI,,,,,,,,,,,,,,,,,,,,
Aaron,Tragessor2007,Alcohol Dependence,0.4,0.33,NA,NA,,,Alcohol Dependence,,,,,,,,,,,,,,,,,,,,
Aaron,Tragessor2007,Alcohol Dependence,0.37,0.49,NA,NA,,,Alcohol Use Disorder,,,,,,,,,,,,,,,,,,,,
Aaron,Tragessor2007,Alcohol Use,0.27,0.3,NA,NA,,,Alcohol Volume,,,,,,,,,,,,,,,,,,,,
Aaron,Tragessor2007,Binge Drinking,0.14,0.36,NA,NA,,,Binge Drinking,,,,,,,,,,,,,,,,,,,,
Aaron,Tragessor2007,Cluster A,0.08,0.03,NA,NA,,,Cluster A,,,,,,,,,,,,,,,,,,,,
Aaron,Tragessor2007,Cluster B,0.24,0.25,NA,NA,,,Cluster B,,,,,,,,,,,,,,,,,,,,
Aaron,Tragessor2007,Cluster C,0.16,0.09,NA,NA,,,Cluster C,,,,,,,,,,,,,,,,,,,,
Aaron,Tragessor2008,Alcohol Dependence,0.37,0.44,NA,NA,,,Alcohol Use Disorder,,,,,,,,,,,,,,,,,,,,
Aaron,Tragessor2008,Cluster A,0.17,0.05,NA,NA,,,Cluster A,,,,,,,,,,,,,,,,,,,,
Aaron,Tragessor2008,Cluster B,0.4,0.36,NA,NA,,,Cluster B,,,,,,,,,,,,,,,,,,,,
Aaron,Tragessor2008,Cluster C,0.19,-0.02,NA,NA,,,Cluster C,,,,,,,,,,,,,,,,,,,,
Aaron,Urban2008,Age,0.14,0.07,0.16,0.06,,,Age,,,,,,,,,,,,,,,,,,,,
Aaron,Urban2008,Alcohol Use,0.4,0.55,0.57,0.12,,,Alcohol Volume,,,,,,,,,,,,,,,,,,,,
Aaron,Urban2008,Male,-0.07,0.02,0.07,0.07,,,Male,,,,,,,,,,,,,,,,,,,,
Aaron,Urban2008,Sensation Seeking,0.25,0.43,0.39,0.1,,,Sensation Seeking,,,,,,,,,,,,,,,,,,,,
Aaron,VanDamme2013,AUDIT,0.24,0.32,0.29,0.09,,,,,,,,,,,,,,,,,,,,,,,
Aaron,VanDamme2013,Binge Drinking,0.18,0.23,0.2,0.09,,,,,,,,,,,,,,,,,,,,,,,
Aaron,VanDamme2013,Drinking Quantity,0.17,0.29,0.23,0.07,,,,,,,,,,,,,,,,,,,,,,,
Aaron,VanTyne2011,AUDIT,0.22,0.41,0.38,NA,,,AUDIT,,,,,,,,,,,,,,,,,,,,
Aaron,VanTyne2011,Drinking Game Participation,0.11,0.34,0.43,NA,,,Drinking Game Participation,,,,,,,,,,,,,,,,,,,,
Aaron,VanTyne2011,Negative Expectancies,0.21,0.15,0.1,NA,,,Negative Expectancies,,,,,,,,,,,,,,,,,,,,
Aaron,VanTyne2011,Positive Expectancies,0.26,0.4,0.44,NA,,,Positive Expectancies,,,,,,,,,,,,,,,,,,,,
Aaron,Wild2001,AUDIT,0.1,0.165,0.18,-0.16,1,,AUDIT,,,,,,,,,,,,,,,,,,,,
Aaron,Willem2012,Age,0.09,0.14,0.12,-0.05,,,Age,,,,,,,,,,,,,,,,,,,,
Aaron,Willem2012,AUDIT,0.2825,0.44,0.32,0.075,,,,,,,,,,,,,,,,,,,,,,,
Aaron,Willem2012,AUDIT-Consequences,0.305,0.36,0.24,0.09,,,AUDIT-Consequences,,,,,,,,,,,,,,,,,,,,
Aaron,Willem2012,AUDIT-Consumption,0.26,0.52,0.4,0.06,,,AUDIT-Consumption,,,,,,,,,,,,,,,,,,,,
Aaron,Willem2012,BIS,0.16,0.03,0.06,0.07,,,BIS,,,,,,,,,,,,,,,,,,,,
Aaron,Willem2012,Negative Affect,0.045,0.185,0,0.05,,,Negative Affect,,,,,,,,,,,,,,,,,,,,
Aaron,Willem2012,Positive Affect,-0.155,0.07,0.06,-0.05,,,Positive Affect,,,,,,,,,,,,,,,,,,,,
Aaron,Willem2012,Sensation-Seeking,0.165,0.27,0.25,0.11,,,BAS FS,,,,,,,,,,,,,,,,,,,,
Aaron,Windle2012,Anxiety,0.22,0.1,0.04,NA,,,Anxiety,,,,,,,,,,,,,,,,,,,,
Aaron,Windle2012,Depression,0.24,0.15,0.07,NA,,,Depression,,,,,,,,,,,,,,,,,,,,
Aaron,Windle2012,Lifetime panic disorder,0.17,0.17,0.04,NA,,,Lifetime panic disorder,,,,,,,,,,,,,,,,,,,,
Aaron,Windle2012,Lifetime phobia,0.11,0.05,0.05,NA,,,Lifetime phobia,,,,,,,,,,,,,,,,,,,,
Aaron,Windle2012,Male,0.03,0.14,0.13,NA,,,Male,,,,,,,,,,,,,,,,,,,,
Aaron,Woicik2009.1,Anxiety,0.14,-0.07,0.04,NA,,,,,,,,,,,,,,,,,,,,,,,
Aaron,Woicik2009.1,Depression,0.25,-0.02,0.01,NA,,,,,,,,,,,,,,,,,,,,,,,
Aaron,Woicik2009.1,Impulsivity,0.28,0.2,0.2,NA,,,,,,,,,,,,,,,,,,,,,,,
Aaron,Woicik2009.1,Sensation Seeking,0.21,0.35,0.25,NA,,,,,,,,,,,,,,,,,,,,,,,
Aaron,Woicik2009.2,Anxiety,0.22,0.04,0.06,0.22,,,,,,,,,,,,,,,,,,,,,,,
Aaron,Woicik2009.2,Depression,0.24,-0.03,-0.06,0.22,,,,,,,,,,,,,,,,,,,,,,,
Aaron,Woicik2009.2,Impulsivity,0.22,0.13,0.16,0.16,,,,,,,,,,,,,,,,,,,,,,,
Aaron,Woicik2009.2,Sensation Seeking,0.05,0.24,0.2,-0.04,,,,,,,,,,,,,,,,,,,,,,,
Aaron,Woldt2002,Age,0.15,-0.07,-0.04,NA,,,Age,,,,,,,,,,,,,,,,,,,,
Aaron,Woldt2002,Alcohol Use,0.25,0.32,0.18,NA,,,Alcohol Volume,,,,,,,,,,,,,,,,,,,,
Aaron,Woldt2002,Alcohol-related Problems,0.45,0.36,0.16,NA,,,Alcohol-related Problems,,,,,,,,,,,,,,,,,,,,
Aaron,Woldt2002,Depression,0.42,0.07,0.04,NA,,,Depression,,,,,,,,,,,,,,,,,,,,
Aaron,Woldt2002,Driving while Intoxicated,0.08,-0.02,0,NA,,,DUI Convictions,,,,,,,,,,,,,,,,,,,,
Aaron,Woldt2002,Parental Problem Drinking,0.19,0.22,0.15,NA,,,Parental Problem Drinking,,,,,,,,,,,,,,,,,,,,
Aaron,Yurasek2011a,Alcohol-related Problems,0.537,0.442,NA,NA,,,Alcohol-related Problems,,,,,,,,,,,,,,,,,,,,
Aaron,Yurasek2011a,Binge Drinking,0.135,0.345,NA,NA,,,Binge Drinking,,,,,,,,,,,,,,,,,,,,
Aaron,Yurasek2011a,Drinking Quantity,0.23,0.392,NA,NA,,,Drinking Quantity,,,,,,,,,,,,,,,,,,,,
Aaron,Zwaluw2011,Alcohol-related Problems,0.49,0.49,0.43,0.39,,,,,,,,,,,,,,,,,,,,,,,
